player,FGM,FGA,FTM,FTA,TPM,REB,AST,STL,BLK,PTS,TO
Anthony Davis,10.6900794,19.89,6.760018,8.3,0.74,11.07,2.16,1.56,2.57,28.88,2.27
Karl-Anthony Towns,8.349985,15.25,4.8099942,5.54,1.6,12.64,2.55,0.78,1.38,23.1,2.05
Stephen Curry,8.0999997,16.79,4.5999857,5.09,4.35,4.5,5.99,1.6,0.19,25.16,2.93
Kevin Durant,8.4800226,16.62,4.8900148,5.51,2.25,6.51,4.86,0.76,1.58,24.09,2.79
James Harden,8.2399086,18.62,8.1699737,9.53,3.41,5.2,8.44,1.74,0.57,28.06,4.12
Kawhi Leonard,8.150016,16.8,5.4799845,6.45,2.24,6.13,3.49,1.84,0.74,24.02,2.11
Giannis Antetokounmpo,8.8500096,16.32,5.8600314,7.74,0.61,9.84,4.47,1.38,1.33,24.18,2.71
LeBron James,9.4599848,17.36,4.8200112,6.69,1.53,8.55,6.04,1.33,0.76,25.28,3.28
Nikola Jokic,6.5899521,13.33,3.5499852,4.23,1.42,10.68,5.96,1.18,0.82,18.16,2.77
Jimmy Butler,7.4899396,16.28,6.479988,7.6,1.29,5.4,4.95,1.94,0.43,22.75,1.94
Paul George,7.740042,17.4,4.7500152,5.52,3.18,5.84,3.15,1.98,0.48,23.41,2.55
Damian Lillard,8.21997,19,6.629985,7.33,3.16,4.34,6.5,1.02,0.3,26.23,2.8
Chris Paul,5.9700578,13.19,3.3000015,3.65,2.45,4.94,7.42,1.56,0.15,17.69,2.13
Joel Embiid,7.9100151,16.23,6.049992,7.8,1.33,10.88,2.99,0.75,1.88,23.2,3.63
Kyrie Irving,8.2799274,17.33,3.8000011,4.27,2.83,3.46,4.93,1.07,0.29,23.18,2.22
Rudy Gobert,5.090015,8.05,3.8299825,5.71,0,11.13,1.46,0.77,2.41,14.01,1.86
Russell Westbrook,8.9099449,20.03,5.8499924,7.24,1.34,9.16,9.12,1.74,0.24,25.01,4.3
Kevin Love,7.179998,16.6,6.0700016,6.94,2.24,11.36,2.27,0.84,0.45,22.67,2.14
Andre Drummond,5.9700334,11.42,2.7100008,4.68,0.28,16.08,1.71,1.43,1.71,14.92,2.28
Victor Oladipo,7.970052,17.24,3.59001,4.52,2.03,5.28,4.16,1.98,0.54,21.57,2.83
Clint Capela,5.869955,9.1,1.960001,3.7,0,11.07,1.07,0.79,1.9,13.7,1.39
Otto Porter Jr.,5.36,10.72,1.3200021,1.59,1.89,5.94,1.66,1.53,0.53,13.93,0.92
Kemba Walker,7.3399832,17.18,4.289975,5.05,3.09,3.78,5.31,1.2,0.32,22.07,2.12
Marc Gasol,6.3999954,14.22,3.5900145,4.31,1.78,6.9,3.93,0.7,1.29,18.16,2.17
Draymond Green,3.8799698,8.78,1.9799982,2.61,1.15,7.27,6.64,1.46,1.25,10.9,2.64
John Wall,7.2099417,16.67,4.540021,5.71,1.4,3.81,10.05,1.72,0.69,20.36,4.02
Ben Simmons,6.339953,11.95,2.9500064,4.73,0,8.05,7.27,1.78,0.82,15.62,3.09
Jrue Holiday,7.0600662,15.18,2.4599922,3.13,1.5,4.15,5.73,1.54,0.69,18.07,2.64
LaMarcus Aldridge,7.8900482,16.01,3.6999803,4.43,0.43,7.59,1.91,0.55,1.05,19.9,1.46
Myles Turner,5.049982,10.36,2.6599974,3.39,1.03,6.73,1.42,0.61,1.91,13.79,1.54
Kristaps Porzingis,7.229981,16.81,3.740022,4.68,1.71,6.12,1.09,0.67,2.02,19.91,1.85
Kyle Lowry,5.5200231,12.69,3.69,4.5,2.74,4.23,6.52,1.14,0.22,17.47,2.41
Hassan Whiteside,5.4299928,9.96,2.0499925,3.07,0,11.4,1.15,0.57,1.65,12.91,1.59
Donovan Mitchell,8.2100363,19.09,3.4400052,4.23,2.79,3.96,4.16,1.66,0.32,22.64,2.79
Klay Thompson,7.3199514,15.58,1.2300048,1.44,3.24,3.63,2.31,0.8,0.47,19.12,1.7
Tobias Harris,7.0599255,15.35,2.3800032,2.88,1.96,6.73,2.48,0.92,0.5,18.47,1.56
Nikola Vucevic,6.500001,13.98,1.2999933,1.71,1.04,8.87,2.9,0.85,1.02,15.33,1.7
Bradley Beal,7.7799528,16.91,3.0499822,3.83,2.65,3.77,3.87,1.15,0.32,21.26,2.26
Mike Conley,6.09,14,4.4400028,5.29,2.2,2.8,5.86,1.18,0.23,18.83,2.01
DeAndre Jordan,5.1900016,7.84,2.4200195,4.61,0,13.88,1.57,0.58,1.39,12.81,1.7
Khris Middleton,6.2200425,13.83,3.4400048,3.89,1.81,4.77,3.59,1.36,0.23,17.69,2.09
Gary Harris,6.0599757,12.89,2.0100119,2.47,2.32,2.73,2.83,1.65,0.21,16.44,1.65
Enes Kanter,6.0600265,10.67,2.4699954,3.03,0.01,11.5,1.58,0.48,0.52,14.59,1.8
CJ McCollum,8.04996,18,2.659986,3.1,2.46,3.79,3.2,0.91,0.44,21.23,1.82
Gordon Hayward,6.4599813,14.11,4.2699776,5.18,2.05,5.29,3.36,1.08,0.36,19.23,2.24
John Collins,5.3800383,9.87,2.2800015,3.15,0.64,8.25,1.57,0.73,1.17,13.68,1.77
Al Horford,4.4799729,9.47,1.099994,1.4,1.16,6.88,4.74,0.52,1.25,11.21,1.81
Blake Griffin,7.6700448,17.04,4.019987,5.15,1.99,7.23,6.03,0.63,0.31,21.34,2.75
Robert Covington,3.940002,9.9,1.3499988,1.64,2.4,5.2,1.81,1.68,0.86,11.63,1.68
DeMarcus Cousins,5.1000426,10.62,3.8800104,5.16,1.06,7.99,2.66,1.02,1.02,15.14,2.3
Nikola Mirotic,5.0299872,11.76,1.9400018,2.41,2.27,7.08,1.39,0.87,0.79,14.25,1.16
DeMar DeRozan,7.7899836,17.22,5.7999662,6.94,1.16,4.08,4.51,0.98,0.21,22.53,2.23
Nicolas Batum,5.010005,11.83,2.4399981,2.89,1.78,5.63,5.64,1.14,0.5,14.22,2.41
Aaron Gordon,6.8499971,15.23,2.9599924,4.22,2.02,7.6,2.24,0.94,0.76,18.69,1.75
Eric Bledsoe,5.5799604,12.39,3.1800134,3.94,1.54,4.07,4.79,1.55,0.5,15.88,2.73
Joe Ingles,4.2299732,9.19,0.8200008,1.08,2.6,4.28,4.64,1.27,0.2,11.88,1.97
Will Barton,5.6000244,12.66,2.4400068,3.08,1.89,5.24,3.89,0.98,0.61,15.54,1.8
Steven Adams,5.5399832,9.04,2.1499884,3.78,0,8.85,1.15,1.17,1.01,13.22,1.68
Jayson Tatum,5.020035,10.86,2.9500064,3.52,1.37,5.4,1.52,0.98,0.78,14.36,1.39
Jeff Teague,4.8999984,11.33,2.8500138,3.33,1.31,2.83,6.89,1.47,0.29,13.96,2.53
Zach LaVine,7.0699332,16.06,3.6600098,4.46,2.16,4.03,3.47,1.13,0.22,19.95,2.08
Larry Nance Jr.,3.959982,7.02,1.5699994,2.26,0.08,7.01,1.34,1.34,0.65,9.59,0.91
Deandre Ayton,5.4800424,10.29,2.5300134,3.42,0.13,9.23,0.84,0.63,1.26,13.63,1.97
Devin Booker,7.760056,18.05,4.969979,5.74,2.68,3.89,4.78,0.84,0.26,23.16,3.61
Jamal Murray,5.7799573,13.13,2.809986,3.14,2.1,3.65,3.36,0.97,0.34,16.47,2.02
Josh Richardson,4.5499954,10.46,1.369998,1.66,1.67,3.4,2.68,1.32,0.84,12.13,1.55
Paul Millsap,5.0500187,11.23,3.0499938,4.06,1.03,6.68,2.58,1.02,1.06,14.18,1.91
Serge Ibaka,4.7299896,9.84,1.29,1.6,1.25,6.15,0.75,0.36,1.4,11.98,1.17
Darren Collison,4.3400376,9.14,1.6899922,1.94,1.25,2.48,4.47,1.21,0.16,11.62,1.24
Kyle Anderson,3.730006,7.85,1.6899971,2.29,0.52,6.03,2.82,1.45,0.73,9.67,1.49
Jonas Valanciunas,4.96003,8.81,2.369994,2.98,0.18,7.9,0.93,0.36,0.87,12.46,1.37
Thaddeus Young,5.1400388,10.66,0.700002,1.16,0.8,6.23,1.79,1.54,0.43,11.79,1.32
Danilo Gallinari,5.1400093,12.47,4.560012,5.1,1.97,4.85,1.97,0.61,0.37,16.82,1.27
Evan Fournier,6.630053,14.9,2.970001,3.55,2.35,3.06,2.93,0.9,0.16,18.58,1.72
Lauri Markkanen,5.0200036,11.42,2.0100052,2.38,2.18,6.66,1.02,0.51,0.55,14.24,1.1
Tim Hardaway Jr.,6.7900044,15.69,2.749988,3.4,2.6,3.58,2.59,0.98,0.2,18.92,1.68
T.J. Warren,6.9500424,13.56,2.6100164,3.46,0.2,4.41,1.1,0.94,0.55,16.71,1.02
Jarrett Allen,4.0799943,7.29,2.2500126,2.97,0.14,6.59,0.94,0.45,1.44,10.56,1.49
Jabari Parker,6.939999,14.85,2.27001,3,1.54,5.55,2.13,0.92,0.38,17.67,1.88
Ricky Rubio,4.4200156,10.78,3.2299935,3.73,1.2,4.58,5.27,1.6,0.13,13.27,2.6
Lou Williams,6.11996,14,4.6899996,5.43,1.69,2.36,4.16,0.97,0.2,18.64,2.33
Kris Dunn,4.830018,11.64,1.5900057,2.19,0.94,4.07,5.67,1.97,0.5,12.18,2.65
Tyreke Evans,5.5699854,12.67,2.4699987,3.21,1.64,4.87,4.01,1.19,0.3,15.26,2.14
Dewayne Dedmon,3.710031,7.58,0.8999978,1.18,0.88,7.4,1.45,0.67,0.91,9.2,1.28
Taurean Prince,4.9899512,11.96,1.8099924,2.12,2.21,4.65,2.48,1.17,0.56,14.01,2.18
JJ Redick,5.4199916,11.98,2.6199992,2.92,2.68,2.43,2.72,0.47,0.08,16.14,1.34
Buddy Hield,5.4100316,12.44,1.0000055,1.15,2.45,3.99,2.02,1.13,0.25,14.27,1.64
Derrick Favors,4.6099662,8.61,1.599999,2.41,0.24,6.58,1.25,0.77,0.92,11.06,1.1
Allen Crabbe,4.7199688,11.38,1.499995,1.75,2.86,3.98,1.44,0.68,0.4,13.8,0.92
Jeremy Lamb,4.7300037,10.33,2.229994,2.6,1.14,4.56,2.07,0.77,0.45,12.82,0.99
Brook Lopez,4.620025,10.21,1.630001,2.15,1.51,4.41,1.7,0.41,1.33,12.38,1.33
Trevor Ariza,4.0900155,9.85,1.3199988,1.66,2.17,5.26,1.93,1.28,0.18,11.66,1.24
Jusuf Nurkic,5.9899996,12.22,2.2199991,3.63,0,9.07,1.89,0.87,1.48,14.2,2.46
Kent Bazemore,4.4600445,10.95,2.1499909,2.77,1.66,4.04,3.02,1.49,0.74,12.73,2.23
Taj Gibson,4.7599727,8.89,1.6499925,2.25,0.1,6.76,1.17,0.72,0.63,11.26,1.04
Al-Farouq Aminu,3.239985,8.26,0.8599958,1.18,1.66,7.51,1.45,1.16,0.62,9.01,1.2
Patrick Beverley,3.8399882,9.14,1.0800036,1.41,1.76,4.23,2.88,1.44,0.35,10.51,1.63
Luka Doncic,4.0700232,9.63,2.689995,3.3,1.54,5.47,3.37,1.02,0.3,12.36,1.75
Kelly Olynyk,4.220034,8.85,1.8099927,2.37,1.45,5.77,2.96,0.8,0.48,11.71,1.97
Marvin Williams,3.4500024,8.06,1.4400012,1.72,1.68,5.62,1.31,0.79,0.51,10.01,0.83
Harrison Barnes,6.6699885,14.91,2.7899872,3.38,1.51,5.29,2.02,0.7,0.16,17.64,1.5
Carmelo Anthony,5.340032,12.8,1.9399908,2.36,2.39,5.6,1.34,0.57,0.43,15.01,1.22
Rondae Hollis-Jefferson,4.4999774,9.74,3.3200064,4.32,0.26,6.6,2.41,1.05,0.69,12.59,1.8
Jaren Jackson Jr.,3.2100344,7.18,1.8400018,2.38,0.97,5.38,1.08,0.52,1.47,9.24,1.31
Brandon Ingram,6.1999602,13.62,3.029995,4.3,1.44,5.53,2.54,0.79,0.76,16.87,2.08
Lonzo Ball,3.3500402,8.71,0.5899952,1.09,1.55,5.33,4.55,1.43,0.59,8.85,1.86
Rudy Gay,4.8699954,10.42,2.359991,2.9,0.83,5.2,1.42,0.87,0.63,12.94,1.6
E'Twaun Moore,4.859988,9.87,0.649998,0.9,1.44,2.8,2.27,0.92,0.25,11.81,1.16
Willie Cauley-Stein,4.8100275,9.39,1.8800124,2.94,0.03,6.17,1.55,1.03,0.85,11.53,1.33
James Johnson,4.079999,8.47,1.5599894,2.27,0.83,4.77,3.64,0.96,0.74,10.56,2.02
Spencer Dinwiddie,3.5300142,9.29,2.3599872,2.88,1.67,3.04,5.76,0.89,0.3,11.08,1.41
Montrezl Harrell,4.6499775,7.35,1.7999982,2.86,0.01,4.75,1.07,0.53,0.78,11.11,0.94
Cody Zeller,3.399984,6.3,2.4699882,3.31,0.03,6.29,1.29,0.65,0.85,9.3,1.02
George Hill,4.3100378,9.53,2.1900006,2.78,1.48,2.91,3.66,0.91,0.29,12.29,1.52
Jordan Bell,2.4300094,4.13,0.7399966,1.06,0.02,4.5,1.75,0.73,1.2,5.63,1.05
Andrew Wiggins,6.7000365,15.39,2.6199936,3.61,1.53,4.16,1.94,1.04,0.6,17.54,1.69
Danny Green,3.1400105,7.81,0.7200011,0.89,1.82,3.36,1.58,0.94,0.9,8.83,1.06
Malcolm Brogdon,4.4000424,9.36,1.4400072,1.63,1.26,3.05,2.79,0.84,0.23,11.5,1.3
DeMarre Carroll,4.290049,10.33,2.140008,2.85,1.89,6.06,2.07,0.83,0.41,12.6,1.36
Eric Gordon,5.4300176,12.92,2.2999976,2.83,3.14,2.36,2.08,0.64,0.34,16.3,1.74
Jakob Poeltl,3.65,5.84,1.1399985,1.83,0,5.37,0.88,0.48,1.19,8.44,1.21
Jonathan Isaac,2.8900277,6.79,1.2000048,1.59,0.71,4.32,0.85,1.17,1.23,7.69,1.23
Kentavious Caldwell-Pope,3.9399913,9.37,1.7499925,2.23,1.95,4.04,1.58,1.16,0.17,11.57,1.09
Dario Saric,4.3699944,9.93,2.0900124,2.52,1.67,6.1,2.37,0.65,0.27,12.5,1.8
Moe Harkless,3.439985,7.06,0.9400072,1.48,0.91,3.59,1.11,0.99,0.85,8.73,0.85
Nerlens Noel,2.0599881,3.93,0.78,1.04,0,6.28,0.74,1.16,0.82,4.9,0.97
Dwight Howard,5.2599786,9.14,3.449976,6.45,0.01,11.77,1.3,0.77,1.42,13.97,2.4
Elfrid Payton,4.1500117,8.83,1.3800004,2.14,0.46,3.97,6.01,1.29,0.35,10.14,2.25
Julius Randle,5.560018,10.6,3.2600084,4.51,0.17,7.97,2.7,0.58,0.5,14.56,2.51
Dennis Schroder,5.4399774,12.22,2.0900064,2.49,1.12,2.9,4.28,1.03,0.13,14.09,1.99
Goran Dragic,6.1999525,13.85,2.5299944,3.23,1.34,3.74,4.63,0.77,0.15,16.26,2.2
Bogdan Bogdanovic,4.7399562,10.98,1.510002,1.8,1.88,2.75,3.24,0.92,0.18,12.89,1.59
Pau Gasol,3.4300002,7.33,1.7700078,2.33,0.59,7.2,2.26,0.26,0.9,9.22,1.28
Wendell Carter Jr.,2.8599865,5.95,1.1099952,1.52,0.34,6.73,1.25,0.5,1.25,7.15,1.32
Andre Roberson,2.3599968,4.64,0.459998,1.03,0.42,4.9,1.08,1.23,0.89,5.6,0.82
JaMychal Green,4.0200341,8.59,1.7900109,2.43,0.85,7.71,1.3,0.61,0.52,10.68,1.38
Rodney Hood,5.6699819,13.49,2.2500114,2.73,2.16,3.15,1.93,0.77,0.19,15.74,1.31
Jae Crowder,4.0600364,9.56,1.6599919,2.03,1.76,3.67,1.46,0.94,0.26,11.54,1.01
Alex Len,3.2699887,5.83,2.079986,2.95,0.02,7,0.88,0.44,0.99,8.63,1.17
Reggie Jackson,5.8300164,13.88,2.6000086,3.02,1.57,3.28,5.34,0.7,0.11,15.83,2.39
Markelle Fultz,4.699947,11.06,1.4799946,2.27,1.17,3.49,4.7,1.05,0.44,12.04,1.57
D'Angelo Russell,5.8599412,14.12,2.0500116,2.73,2.11,3.89,5.42,0.89,0.3,15.88,2.94
Tyler Johnson,3.9799656,9.36,1.2900076,1.64,1.61,3.27,2.22,0.84,0.46,10.86,1.11
Dejounte Murray,3.87996,8.68,1.540008,2.19,0.27,5.48,3.86,1.35,0.46,9.57,2.05
Mohamed Bamba,3.0700116,6.39,1.009995,1.5,0.24,6.25,0.47,0.5,1.44,7.38,1.11
Wayne Ellington,3.6999936,9.09,0.8700039,1.01,2.94,2.82,1.02,0.68,0.11,11.22,0.66
Bojan Bogdanovic,4.610046,10.07,2.1,2.4,1.79,3.32,1.41,0.61,0.09,13.09,1.24
Rajon Rondo,3.4900184,7.48,0.3700016,0.68,0.75,3.96,6.63,1.05,0.15,8.13,2.26
Kelly Oubre Jr.,3.6700129,8.83,1.9299896,2.38,1.66,4.08,1.07,0.99,0.35,10.92,1.07
Kyle Kuzma,5.21001,11.7,1.6699968,2.37,1.87,5.54,1.46,0.56,0.41,13.95,1.54
Bobby Portis,4.4200156,9.31,1.3500001,1.79,0.98,5.98,1.48,0.57,0.31,11.17,1.2
Markieff Morris,3.970032,8.8,1.4899952,1.84,1.01,5.27,1.68,0.88,0.44,10.46,1.66
P.J. Tucker,2.3699834,6.01,0.5000009,0.67,1.59,5.72,1.06,1.1,0.28,6.84,0.89
Reggie Bullock,3.8200184,8.36,0.6199999,0.79,1.88,2.33,1.41,0.78,0.19,10.15,0.71
Dennis Smith Jr.,5.9599855,14.35,2.130006,3.02,1.43,3.71,5.86,1.23,0.24,15.46,2.76
Luke Kennard,3.6500208,8.49,1.4099989,1.63,1.7,3.17,2.13,0.76,0.22,10.4,1.12
Mitchell Robinson,3.2899932,6.57,0.759996,1.35,0,6.32,0.42,0.59,1.43,7.33,1.18
Trae Young,4.91998,12.7,2.9499916,3.58,2.37,2.53,6.15,1.11,0.14,15.16,3.36
Avery Bradley,5.3900154,12.18,1.2900082,1.67,1.42,3.22,1.88,1.08,0.18,13.49,1.48
Pascal Siakam,3.3199954,6.41,0.8299995,1.21,0.51,4.55,1.48,0.65,0.6,7.97,0.88
Kyle Korver,3.0399876,6.63,0.8700048,0.98,2.24,2.22,1.2,0.42,0.36,9.2,0.75
Jaylen Brown,4.8899991,10.57,1.9800079,2.99,1.6,4.62,1.48,0.94,0.33,13.36,1.56
Trey Lyles,3.8499792,8.11,1.479996,2.1,1.22,5.09,1.33,0.45,0.5,10.42,0.89
Mario Hezonja,3.7999905,8.83,1.2400038,1.53,1.32,3.96,1.63,0.97,0.43,10.17,1.37
Caris LeVert,4.499973,10.35,1.8700089,2.63,1.19,3.65,4.22,1.15,0.3,12.08,2.15
J.J. Barea,4.39,10,1.1499957,1.47,1.66,2.91,6.3,0.5,0.04,11.6,2.07
Fred VanVleet,3.019968,7.35,1.130004,1.35,1.41,2.47,3.27,0.91,0.25,8.7,0.99
Dirk Nowitzki,3.490032,8.16,0.9000009,1.01,1.46,4.46,1.36,0.44,0.44,9.33,0.63
James Ennis III,3.029994,6.6,1.340008,1.7,1.28,3.74,1.04,0.83,0.35,8.68,0.83
Denzel Valentine,3.730002,9.06,0.7400025,0.95,1.89,4.2,2.77,0.77,0.18,10.12,1.29
John Henson,2.9300252,5.29,0.9500014,1.66,0.01,5.4,1.2,0.46,1.16,6.83,0.89
Gerald Green,3.8700377,9.53,1.1700054,1.38,2.53,3.04,0.56,0.55,0.34,11.46,0.71
Delon Wright,2.5900128,5.58,1.2700071,1.53,0.72,2.54,2.58,0.93,0.42,7.19,1.01
Ryan Anderson,3.1300258,7.27,1.089998,1.4,1.98,5.01,0.9,0.36,0.31,9.34,0.65
Marcus Morris,4.5799908,10.67,2.1599893,2.69,1.5,5.05,1.25,0.61,0.2,12.83,1.13
Wilson Chandler,4.0199754,9.03,1.1900037,1.59,1.35,4.59,1.67,0.57,0.45,10.6,1.21
Patty Mills,3.689985,8.94,1.2499936,1.46,2.08,2.06,2.97,0.75,0.09,10.71,1.22
Kosta Koufos,3.1199786,5.47,0.4600024,1.04,0,6.63,1.22,0.67,0.45,6.71,0.69
Dante Exum,4.0400367,8.39,2.4099856,2.98,0.48,2.5,4.14,0.77,0.28,10.99,1.92
Jeremy Lin,3.8700384,9.28,3.0700024,3.76,1.06,2.78,3.54,0.99,0.38,11.88,2.06
Trey Burke,5.0399965,12.01,1.3500054,1.78,1.13,2.21,5.32,0.74,0.12,12.62,1.34
Anthony Tolliver,2.7700203,5.97,1.3400016,1.68,2.01,3.03,1.13,0.4,0.26,8.89,0.7
T.J. McConnell,2.6500086,5.31,0.3900008,0.49,0.34,2.84,3.82,1.16,0.16,6.02,1.44
Robin Lopez,5.0900382,9.62,1.010002,1.33,0.06,4.33,1.85,0.2,0.76,11.26,1.58
Dwight Powell,2.660016,4.8,1.480007,2.06,0.31,4.95,1.01,0.73,0.34,7.14,0.65
Courtney Lee,3.550008,7.91,1.100004,1.24,1.14,2.45,1.79,0.85,0.17,9.36,0.85
Wesley Matthews,3.7000256,9.37,0.9599967,1.17,2.08,2.48,2.06,0.97,0.18,10.45,1.09
Dillon Brooks,4.6300528,10.69,1.8900035,2.45,1.53,2.98,1.87,0.97,0.27,12.68,1.59
Terrence Ross,3.359964,8.44,1.2000048,1.59,1.33,3.24,1.67,1.2,0.49,9.23,1.28
Jordan Clarkson,5.300031,11.77,1.870011,2.34,1.38,2.66,2.72,0.71,0.07,13.87,1.56
Domantas Sabonis,4.11,8.22,2.090004,2.78,0.16,7.09,1.88,0.5,0.4,10.48,1.7
Josh Hart,3.1599735,6.85,1.2500048,1.76,1.4,3.89,1.24,0.74,0.21,8.99,0.77
Jerami Grant,3.19,6.25,2.0199948,3.09,0.57,3.68,0.78,0.41,1.09,8.96,0.69
Andre Iguodala,2.2499856,4.86,0.8300028,1.32,0.5,3.72,3.2,0.82,0.58,5.83,1.03
Shaquille Harrison,2.6799926,5.63,1.2699964,1.72,0.27,2.76,2.5,1.18,0.31,6.9,1
Stanley Johnson,3.0400005,7.95,1.4399935,1.87,1.08,4.72,1.55,1.32,0.23,8.6,1.17
Kyle O'Quinn,2.099988,3.6,0.9200009,1.19,0.03,4.4,1.47,0.32,0.92,5.15,0.93
Terry Rozier,3.1600251,8.01,1.1499969,1.49,1.53,3.75,2.32,0.78,0.2,9,0.8
D.J. Augustin,3.3899661,8.13,2.3800136,2.78,1.55,2.23,4.15,0.72,0.01,10.71,1.81
Marcus Smart,3.4999878,9.53,1.7899944,2.46,1.38,3.49,4.79,1.31,0.42,10.18,2.38
Isaiah Thomas,5.23005,12.75,3.5400024,3.96,1.99,2.02,4.63,0.45,0.09,16.01,2.87
Richaun Holmes,2.8100016,5.04,0.7699964,1.16,0.08,4.4,1.27,0.41,0.58,6.47,0.52
Tristan Thompson,3.4700138,6.43,1.640004,2.85,0,9.07,0.83,0.42,0.57,8.59,1.02
Cameron Payne,2.9300281,7.27,0.4100004,0.54,1.18,2.33,3.82,0.88,0.3,7.48,1.22
Justin Holiday,3.15996,8.5,1.4699952,1.78,1.74,3.14,1.67,0.88,0.34,9.54,1.01
Mason Plumlee,2.980012,4.97,1.0999963,2.41,0,5.4,1.9,0.66,1.08,7.08,1.41
Marco Belinelli,3.630033,8.14,1.5299994,1.74,1.66,2.07,1.82,0.52,0.07,10.43,1.02
Frank Kaminsky,3.8800356,9.06,1.96,2.45,1.31,3.64,1.63,0.45,0.27,11.05,0.82
Mike Muscala,2.3199911,5.11,0.92,1,1,3.73,0.83,0.5,0.44,6.6,0.67
Tyrone Wallace,3.7900136,8.51,2.0999944,2.68,0.34,3.61,2.44,0.93,0.44,10.03,1.58
Tyus Jones,1.82,4,0.859999,0.98,0.54,1.59,2.82,1.15,0.06,5.07,0.71
Joe Harris,3.1799952,6.48,0.9000021,1.09,1.56,2.69,1.33,0.37,0.2,8.81,0.95
Jonathon Simmons,4.4700336,9.72,2.399985,3.15,0.97,3.3,2.29,0.82,0.23,12.32,1.83
Jerian Grant,2.9799651,7.21,1.9999881,2.69,0.86,2.5,4.87,0.86,0.11,8.85,1.28
Ersan Ilyasova,3.2999802,7.59,1.2999987,1.69,1.19,4.75,0.92,0.62,0.29,9.09,0.91
Ekpe Udoh,0.95,1.9,0.66,0.88,0,2.37,0.84,0.68,1.17,2.57,0.31
Quinn Cook,3.5200256,7.28,0.63,0.72,1.33,2.37,2.57,0.34,0.03,9.02,0.92
De'Aaron Fox,5.239992,12.4,2.7900085,3.79,0.78,2.88,5.25,1.14,0.25,14.04,2.69
Greg Monroe,3.0400107,5.37,1.2199935,1.65,0,4.86,1.59,0.62,0.35,7.3,1.33
OG Anunoby,2.780021,5.9,0.6500025,1.05,1.24,3.14,0.93,0.89,0.22,7.47,0.76
Ish Smith,4.0000269,8.23,0.8300012,1.19,0.35,2.29,3.7,0.65,0.21,9.2,1.14
Maxi Kleber,2.1399957,4.59,0.63,0.8,0.61,3.33,0.85,0.44,0.76,5.55,0.46
Michael Beasley,4.3699907,8.59,1.3200083,1.69,0.36,4.4,1.31,0.38,0.46,10.41,1.52
Seth Curry,3.5700324,7.59,1.0599964,1.37,1.51,1.97,2.12,0.83,0.08,9.71,1.59
Ed Davis,2.0500122,3.53,0.8900012,1.34,0,6.94,0.48,0.37,0.63,5.01,0.79
Skal Labissiere,3.4099996,7.63,1.5799952,1.96,0.3,4.8,1.2,0.41,0.81,8.71,1.21
Daniel Theis,1.9900069,3.71,0.96,1.28,0.28,4.34,0.88,0.47,0.74,5.25,0.88
Zach Randolph,4.6900066,9.91,1.0800022,1.39,0.66,5.16,1.65,0.54,0.12,11.14,1.5
Dwyane Wade,4.180035,9.55,1.869999,2.65,0.44,3.54,3.18,0.86,0.65,10.69,1.96
Bam Adebayo,2.520024,4.92,1.8600085,2.59,0,5.53,1.46,0.46,0.6,6.91,0.97
Salah Mejri,1.4899968,2.32,0.6400038,1.11,0,4.16,0.59,0.38,1.13,3.62,0.66
Malik Monk,4.3700326,10.93,1.1799966,1.38,2.08,1.95,2.11,0.62,0.26,12,1.44
Wade Baldwin IV,3.2700109,4.91,1.3900048,2.32,0.93,1.87,1.16,0.46,0.23,8.87,0.93
C.J. Miles,3.1900012,8.42,1.1400064,1.36,2.3,2.13,0.77,0.52,0.29,9.84,0.56
Michael Kidd-Gilchrist,3.8100132,7.56,1.5799938,2.31,0,4.06,0.95,0.68,0.41,9.2,0.71
J.R. Smith,2.9799858,7.37,0.4799985,0.69,1.77,2.92,1.75,0.84,0.12,8.21,1
Justin Anderson,3.2799861,7.61,1.0500061,1.43,1.28,3.47,0.97,0.56,0.29,8.91,0.6
JaVale McGee,2.0899872,3.36,0.58,0.8,0,2.59,0.5,0.32,0.87,4.76,0.41
Thabo Sefolosha,2.2200024,4.92,0.8400036,1.11,0.6,3.31,0.67,1.05,0.24,5.89,0.61
Monte Morris,1.629985,3.5,1.0599964,1.16,0,1.16,4.08,0.87,0,4.53,0.58
Marvin Bagley III,5.4399474,11.46,2.4199977,3.81,0.47,7.82,1.15,0.57,0.57,13.77,2.22
Darius Miller,2.630019,5.95,0.700002,0.81,1.79,1.99,1.35,0.34,0.2,7.76,0.71
Tony Snell,2.380015,5.5,0.4600014,0.57,1.43,1.99,1.16,0.57,0.3,6.64,0.57
Frank Ntilikina,3.0599978,7.73,0.8600046,1.14,0.94,2.67,3.95,1.07,0.24,7.9,1.86
Meyers Leonard,2.4700038,4.18,0.4800022,0.58,0.58,3.75,0.9,0.37,0,6.02,0.53
Dion Waiters,5.1999448,12.62,1.649994,2.36,1.58,2.63,3.43,0.84,0.28,13.65,2.12
Chandler Parsons,2.9099808,6.32,0.45,0.72,1.37,2.42,1.86,0.48,0.29,7.67,0.94
Nemanja Bjelica,2.1500213,4.67,0.4400001,0.57,0.95,3.43,1.09,0.64,0.2,5.72,0.65
Evan Turner,3.260034,7.3,1.1499975,1.35,0.53,3.07,2.18,0.59,0.35,8.21,1.25
Cedi Osman,3.2100215,6.65,0.9299965,1.63,1.14,4.25,1.46,0.78,0.06,8.51,1.14
Kevin Knox,4.3799946,10.49,2.0800115,2.65,1.28,4.34,1.31,0.75,0.16,12.12,1.66
Mario Chalmers,2.5400034,6.71,1.7799903,2.09,0.8,2.37,2.98,1.19,0.21,7.68,1.77
Gorgui Dieng,2.2600004,4.76,0.9799955,1.27,0.22,4.42,0.89,0.53,0.47,5.78,0.69
Milos Teodosic,2.9200118,6.97,0.750003,0.89,1.7,2.43,4.04,0.45,0.09,8.31,1.87
Garrett Temple,2.6900206,6.41,0.799995,1.05,1.19,2.03,1.67,0.79,0.35,7.39,1.08
Bismack Biyombo,2.020018,3.85,1.1199952,1.72,0,5.16,0.73,0.23,1.04,5.15,0.92
Royce O'Neale,2.0800068,4.74,1.0400004,1.24,0.7,4,1.5,0.56,0.3,5.9,0.98
Justise Winslow,2.6200288,6.17,0.8300029,1.31,0.62,4.68,1.87,0.67,0.41,6.7,0.97
Patrick Patterson,1.5800004,3.96,0.5899983,0.69,0.98,2.89,0.84,0.72,0.34,4.74,0.5
Jeff Green,2.8099932,5.88,1.9299981,2.23,0.49,2.32,0.94,0.39,0.31,8.05,0.69
Marcin Gortat,2.5399836,4.76,0.8700018,1.29,0,5.48,1.07,0.31,0.49,5.96,0.85
Glenn Robinson III,2.3199911,5.47,0.5700021,0.69,0.9,2.36,1.08,0.83,0.06,6.1,0.31
Shelvin Mack,2.56998,6,1.000006,1.4,0.69,2.36,3.91,0.78,0.11,6.85,1.28
Mikal Bridges,2.0499924,4.44,1.0799953,1.27,0.77,2.01,0.71,0.56,0.41,5.96,0.62
Solomon Hill,1.9300001,4.97,0.5799996,0.73,0.58,4.37,2.66,0.85,0.12,5.03,1.09
Kevon Looney,1.690004,2.9,0.629996,1.16,0.01,3.27,0.63,0.51,0.83,4.04,0.46
Austin Rivers,3.6800412,8.69,1.0999917,1.71,1.46,1.56,2.61,0.79,0.17,9.93,1.18
Mike Scott,3.6299965,6.89,0.65,1,0.86,3.23,1.05,0.3,0.13,8.78,1.03
Omri Casspi,2.260011,3.9,0.940004,1.3,0.18,3.76,0.96,0.33,0.35,5.66,0.69
Aron Baynes,2.590005,5.5,0.72,0.96,0.03,5.34,1.14,0.27,0.64,5.95,0.98
Robert Williams,1.770015,3.13,0.4699982,0.98,0,3.99,0.6,0.34,1.11,4.03,0.87
Davis Bertans,2.109984,4.8,0.52,0.64,1.23,2,0.96,0.35,0.38,6,0.47
Dragan Bender,2.279996,5.9,0.4699972,0.62,1.43,4.4,1.58,0.26,0.64,6.47,1.37
Tyson Chandler,1.8599904,2.88,0.8900034,1.43,0,6.43,0.81,0.24,0.41,4.61,0.91
Josh Jackson,5.659944,13.56,2.5700056,4.04,0.82,5.07,1.73,1.14,0.51,14.72,2.12
Devin Harris,2.529987,6.15,1.909989,2.3,1.07,1.72,2.04,0.63,0.15,8.06,1.03
Shai Gilgeous-Alexander,2.48998,5.75,2.190012,2.64,0.27,2.29,2.87,0.89,0.28,7.44,1.81
Tomas Satoransky,1.8800012,3.58,0.6799956,0.89,0.43,2.15,2.67,0.49,0.11,4.88,0.79
Ian Clark,3.5400024,7.92,0.7100008,0.94,0.98,2.04,1.74,0.52,0.15,8.82,0.91
Luc Richard Mbah a Moute,1.93,4,0.760001,1.1,0.73,2.15,0.64,0.84,0.31,5.35,0.81
Zaza Pachulia,1.890003,3.35,0.9500008,1.19,0,4.07,1.38,0.48,0.21,4.73,0.94
Melvin Frazier,2.3200155,4.59,1.2799963,1.87,0.49,2.37,1.06,0.94,0.27,6.41,1.22
Shabazz Napier,2.2699819,5.41,1.169994,1.4,0.83,1.72,1.53,0.82,0.13,6.56,0.91
Marquese Chriss,2.2899939,5.43,1.1000087,1.79,0.64,4.5,0.94,0.6,0.77,6.35,1.21
Wesley Johnson,1.460016,3.6,0.4099984,0.56,0.59,2.1,0.59,0.75,0.6,3.94,0.54
Jonas Jerebko,2.140012,4.6,0.6199963,0.77,0.87,3.31,0.56,0.32,0.17,5.79,0.36
Elie Okobo,3.0100264,7.76,1.1800058,1.42,0.59,1.78,4.36,0.98,0.09,7.8,1.78
Andrew Harrison,2.559984,6.08,1.75,2.24,0.66,1.85,2.5,0.55,0.36,7.54,1.14
Kenneth Faried,2.3700138,4.62,1.119996,1.59,0,4.8,0.56,0.37,0.4,5.87,0.68
Raymond Felton,2.7300245,6.73,0.4299996,0.53,0.98,1.88,2.47,0.6,0.17,6.89,0.9
Yogi Ferrell,2.5199856,5.94,0.6599994,0.83,1.08,2.03,1.64,0.52,0.08,6.81,0.63
Doug McDermott,2.9500224,6.36,0.7900018,1.01,1.15,2.49,0.98,0.23,0.15,7.87,0.69
Dante Cunningham,1.9500155,4.33,0.3699974,0.62,0.69,3.53,0.57,0.45,0.34,4.97,0.4
Brandon Knight,3.4500004,8.47,1.6300008,1.93,1.13,2.1,2.91,0.5,0.1,9.66,1.62
Alec Burks,2.649996,6.48,1.6699904,1.93,0.73,2.99,1.04,0.59,0.12,7.71,0.93
Justin Jackson,2.72002,6.14,0.3800004,0.52,0.83,2.74,1.08,0.41,0.19,6.66,0.58
Dzanan Musa,2.6199936,6.08,1.6900054,2.26,1.48,2.57,0.73,0.57,0.23,8.45,1.35
MarShon Brooks,2.16,4.32,0.8400006,0.97,0.8,0.93,1.06,0.47,0.12,5.97,0.68
Shaun Livingston,2.4200232,4.83,0.7000005,0.85,0,1.84,1.97,0.47,0.28,5.54,0.81
Michael Carter-Williams,1.4599854,4.38,1.3999941,1.71,0.26,2.65,2.23,0.86,0.44,4.59,1.03
Jose Calderon,1.6300116,3.24,0.4199988,0.52,0.78,1.45,2.05,0.47,0.03,4.47,0.71
Jahlil Okafor,2.6400025,4.75,0.71,1,0.02,2.9,0.42,0.09,0.6,6.05,0.71
Tyler Zeller,2.1,3.75,0.6399976,0.88,0.11,3.41,0.53,0.16,0.39,4.95,0.53
Lance Stephenson,3.029996,7.1,0.8400034,1.27,0.67,4.25,2.35,0.47,0.16,7.59,1.3
Cory Joseph,2.0400168,4.82,0.5499975,0.75,0.54,2.12,2.07,0.63,0.15,5.18,0.71
Alex Abrines,1.7499816,4.44,0.590002,0.7,1.28,1.72,0.42,0.58,0.11,5.39,0.37
Amir Johnson,1.3500035,2.51,0.4999968,0.81,0.09,3.17,1.14,0.43,0.42,3.3,0.54
Rodney McGruder,1.8900096,3.84,0.21,0.42,0.78,1.67,0.89,0.42,0.15,4.78,0.21
Langston Galloway,2.1700272,5.84,0.56,0.7,1.29,1.58,1,0.63,0.06,6.2,0.31
DeAndre' Bembry,2.6699932,6.43,0.9599946,1.66,0.56,3.64,2.47,1.01,0.61,6.89,2.37
Boban Marjanovic,2.13,4,2.0799918,2.62,0,3.88,0.59,0.27,0.29,6.35,0.97
Miles Bridges,2.5799697,6.31,1.2700006,1.51,0.79,3.29,1.27,0.28,0.37,7.23,1.13
Luke Kornet,1.7499829,4.43,0.29,0.4,0.99,2.29,0.91,0.16,0.56,4.77,0.43
Zhaire Smith,1.5899856,3.16,1.0500061,1.43,0.16,2.1,0.76,0.46,0.46,4.41,0.55
Vince Carter,1.4600106,3.66,0.3600012,0.47,0.73,1.9,0.88,0.54,0.33,4.03,0.46
Derrick Rose,4.7199732,10.86,2.3199897,2.67,0.4,2.04,2.16,0.4,0.23,12.2,2.04
Ben McLemore,2.3499729,5.61,0.7999968,0.96,0.83,2.08,0.76,0.56,0.22,6.33,0.9
Norman Powell,2.5100064,6.27,0.529997,0.65,0.88,1.99,1.48,0.6,0.27,6.44,1.1
Juancho Hernangomez,1.6100208,4.32,0.65,0.8,0.8,3.6,0.65,0.43,0.22,4.68,0.5
Wayne Selden Jr.,3.1300258,7.27,1.1800026,1.59,1.32,1.51,1.78,0.48,0.13,8.78,1.45
Donte DiVincenzo,2.3000185,5.35,1.0299996,1.47,0.91,2.61,1.91,0.6,0.1,6.57,1.31
Willy Hernangomez,1.850016,3.36,1.2000042,1.83,0.1,3.72,0.67,0.36,0.32,5.02,0.69
Sterling Brown,1.5100118,3.79,0.3800016,0.44,0.59,2.64,0.46,0.57,0.24,4.01,0.46
Zach Collins,2.220008,5.6,0.51,0.8,0.68,4.26,0.99,0.32,0.59,5.64,1.13
Nene Hilario,2.4500091,4.69,1.0299952,1.84,0,3.54,0.78,0.57,0.24,5.93,0.57
Moritz Wagner,2.1499944,4.56,0.8200049,1.21,0.55,3.12,0.34,0.43,0.21,5.68,0.73
Noah Vonleh,1.6199892,3.66,0.5599958,0.91,0.31,4.86,0.52,0.29,0.26,4.12,0.48
Dorian Finney-Smith,2.1799785,5.73,0.5199969,0.71,0.95,3.54,1.22,0.47,0.19,5.82,1
Emmanuel Mudiay,3.179975,8.18,1.5299919,2.01,0.73,2.36,3.21,0.64,0.14,8.64,1.76
Kevin Huerter,2.1300104,4.69,1.0599984,1.44,0.85,2.36,1.58,0.27,0.32,6.19,1.39
Jerryd Bayless,2.18001,5.25,0.699996,0.88,1.08,1.6,1.08,0.45,0.12,6.16,0.92
Alex Caruso,1.3799954,3.22,0.580004,0.83,0.36,1.79,2.08,0.66,0.25,3.72,1.13
Tyler Ennis,1.7400006,4.14,0.4000016,0.53,0.25,1.73,1.94,0.55,0.18,4.14,0.7
Terrance Ferguson,1.4000022,3.39,0.1800003,0.19,0.8,0.91,0.37,0.49,0.19,3.8,0.22
Ante Zizic,1.5300054,2.09,0.649998,0.9,0,1.87,0.15,0.06,0.37,3.71,0.34
Michael Porter Jr.,3.2100492,10.84,2.4799932,3.24,0.86,7.13,0.31,1.08,0.31,9.79,1.29
Patrick McCaw,1.56,3.84,0.4400001,0.57,0.31,1.4,1.37,0.72,0.18,3.88,0.69
Jon Leuer,2.0900153,5.03,1.8100027,2.09,0,4.46,0.69,0.13,0.41,6,1.12
Matthew Dellavedova,1.4100083,3.89,0.6400026,0.69,0.74,1.66,3.71,0.33,0.02,4.2,1.25
Collin Sexton,4.2599975,10.67,4.730001,6.1,0.83,2.96,2.88,0.64,0.08,14.09,2.69
Damion Lee,1.8700119,4.59,0.6599994,0.87,0.45,2.14,0.87,0.57,0.03,4.86,0.42
Tyler Dorsey,2.569983,6.85,0.8000048,1.12,1.28,2.3,1.41,0.28,0.08,7.23,0.62
Raul Neto,2.0000179,4.37,0.7499957,1.01,0.54,1.42,2.16,0.36,0.1,5.29,1.04
Iman Shumpert,1.4600064,3.86,0.73,1,0.46,2.72,1.13,0.6,0.33,4.13,1.06
Lance Thomas,1.389993,3.65,0.5999976,0.72,0.68,2.39,0.6,0.41,0.19,4.08,0.56
DeAndre Liggins,0.7099974,1.89,0.03,0.08,0.33,1.33,0.85,0.66,0.26,1.8,0.37
Thon Maker,1.1999904,2.94,0.5999962,0.86,0.28,2.08,0.43,0.36,0.49,3.31,0.41
Grayson Allen,1.4799822,3.94,0.9700032,1.14,0.75,1.1,1.55,0.57,0.03,4.7,0.84
Ivica Zubac,1.45,2.9,0.9199993,1.21,0,2.9,0.59,0.19,0.35,3.83,0.61
Jacob Evans III,1.449998,3.74,0.8499954,1.14,0.48,1.66,1.1,0.46,0.35,4.24,0.77
Nik Stauskas,1.7500224,4.49,0.6099996,0.84,1.16,1.86,1.14,0.25,0.11,5.28,0.75
Tony Parker,2.419984,5.27,0.7399966,1.06,0.13,1.29,2.63,0.38,0.01,5.71,0.92
Derrick Jones Jr.,1.0999989,2.73,0.8400042,1.26,0.15,1.99,0.47,0.21,0.68,3.21,0.36
Chandler Hutchison,2.3000247,5.37,2.0499998,2.78,0.46,2.97,1.35,0.57,0.11,7.11,1.58
Sam Dekker,1.749999,3.54,0.4999964,0.76,0.13,2.39,0.52,0.32,0.12,4.15,0.47
Omari Spellman,1.0200042,2.39,0.3400017,0.51,0.36,2.3,0.22,0.19,0.42,2.75,0.34
Bryn Forbes,2.18998,5.2,0.5000025,0.75,0.93,1.15,0.84,0.28,0.03,5.81,0.39
Tim Frazier,0.7400056,1.88,0.25,0.32,0.18,1.26,2.12,0.51,0.08,1.93,0.62
Aaron Harrison,1.6800256,6.08,1.139999,1.49,0.79,2.11,0.96,0.79,0.17,5.29,0.26
Troy Brown,1.6500188,4.12,0.9799956,1.34,0.32,2.77,1.43,0.71,0.08,4.62,1.34
Derrick White,1.0000064,2.06,0.87,1.25,0.5,1.62,0.56,0.25,0.18,3.37,0.37
Ian Mahinmi,1.1300082,2.02,0.7299968,1.04,0,2.54,0.43,0.31,0.34,2.99,0.83
Miles Plumlee,1.4300065,2.47,0.3700004,0.82,0,3.12,0.61,0.23,0.41,3.25,0.85
Lonnie Walker IV,1.8500202,4.98,0.75,1,0.72,1.3,0.95,0.45,0.25,5.19,0.72
Ryan Arcidiacono,0.699992,1.7,0.2,0.25,0.37,1.04,1.45,0.54,0,2,0.54
David Nwaba,1.3599915,2.85,0.8900068,1.37,0.12,2.2,0.71,0.4,0.19,3.75,0.51
Jerome Robinson,2.129981,4.9,1.3999942,1.66,0.61,1.19,1.1,0.3,0.03,6.27,1.08
Landry Shamet,1.220003,2.78,0.759996,0.9,0.59,0.9,1.47,0.19,0.05,3.81,0.71
Paul Zipser,1.5000093,4.31,0.3500002,0.46,0.68,2.42,0.85,0.37,0.25,4.03,0.81
Jared Dudley,0.6399936,1.64,0.3600012,0.47,0.38,1.24,1.04,0.34,0.13,2.05,0.38
Aaron Holiday,1.6799805,4.05,1.399996,1.69,0.63,1.07,1.69,0.37,0.05,5.39,1.33
Ron Baker,0.4400061,1.29,0.4400001,0.57,0.24,0.66,1.03,0.57,0.13,1.57,0.39
Darrell Arthur,1.290006,2.7,0.1100002,0.17,0.47,0.81,0.52,0.47,0.17,3.17,0.88
Josh Okogie,1.219996,3.28,1.3499976,1.68,0.31,1.54,0.61,0.44,0.24,4.12,0.74
Timothe Luwawu-Cabarrot,1.8800128,5.03,0.8599991,1.09,1,1.35,1.01,0.22,0.09,5.64,0.71
TJ Leaf,1.5000009,3.21,0.2299988,0.38,0.41,1.93,0.2,0.11,0.09,3.68,0.23
Lorenzo Brown,0.9899978,2.42,0.14,0.14,0.14,0.99,0.92,0.42,0,2.28,0.21
Timofey Mozgov,1.1100078,1.98,0.479997,0.63,0.09,2.09,0.24,0.11,0.27,2.79,0.7
Henry Ellenson,1.8399806,5.02,0.86,1,0.69,2.8,0.69,0.16,0,5.24,0.63
Jarell Martin,1.11,2.5,0.4399996,0.58,0.17,1.6,0.37,0.2,0.25,2.84,0.44
Jason Smith,1.359984,3.48,0.5699988,0.63,0.12,1.6,0.42,0.09,0.39,3.42,0.48
Treveon Graham,0.8400006,1.94,0.3600012,0.52,0.35,1.06,0.52,0.29,0.02,2.41,0.23
Malik Beasley,1.2300064,3.01,0.3700015,0.55,0.47,1.19,0.52,0.25,0.11,3.32,0.42
Frank Mason III,1.6899972,4.44,1.24,1.6,0.42,1.32,2.05,0.27,0.03,5.05,1
Dwayne Bacon,1.2599964,3.38,0.340001,0.43,0.2,2.19,0.67,0.29,0.03,3.08,0.36
Caleb Swanigan,1.8100072,4.54,0.9100032,1.36,0.06,4.08,0.99,0.37,0.22,4.61,1.36
Cristiano Felicio,0.9400061,1.57,0.409998,0.6,0,1.68,0.41,0.13,0.07,2.27,0.41
Jabari Bird,1.2399912,2.16,0.5,1,0.25,1.58,0.66,0.25,0.08,3.25,0.66
Isaiah Hicks,1.7299926,3.78,0.6299974,0.94,0.1,2.15,0.84,0.1,0.21,4.21,0.84
Alex Poythress,0.7599956,1.82,0,0,0.27,1.18,0.12,0.22,0.07,1.82,0.12
Jake Layman,1.0300037,3.49,0.1399992,0.22,0.29,1.17,0.81,0.43,0.29,2.53,0.36
Joe Young,1.1800084,2.74,0.319998,0.42,0.37,0.93,0.58,0.2,0.01,3.06,0.38
Semi Ojeleye,0.8299992,2.39,0.3199976,0.52,0.5,2.04,0.25,0.26,0.05,2.49,0.32
Malachi Richardson,1.1500002,3.46,0.6500004,0.84,0.46,1.3,0.5,0.38,0.03,3.42,0.38
Anfernee Simons,0.86,2,0.3800005,0.55,0.34,0.97,0.71,0.22,0.04,2.46,0.49
Davon Reed,1.0400049,3.61,0.3800019,0.57,0.52,1.85,0.61,0.47,0.09,3,0.47
Guerschon Yabusele,0.6599976,1.77,0.22,0.22,0.33,1.65,0.44,0,0.11,1.88,0.33
Derrick Walton Jr.,0,0.75,0.5,0.5,0,0.5,0,0.25,0.25,0.5,0
Damian Jones,0.73,1.46,0.1999998,0.33,0,0.93,0.13,0.06,0.2,1.66,0.26
Zhou Qi,0.3099936,1.68,0.4200021,0.63,0.1,1.15,0.1,0.1,0.78,1.15,0.52
Abdel Nader,1.0599846,3.17,0.4800034,0.82,0.48,1.5,0.55,0.31,0.21,3.1,0.72
Khem Birch,1.1500128,2.88,0,0,0,1.15,0.58,0,0,2.31,0
D.J. Wilson,0.3999975,0.75,0.05,0.1,0.05,0.5,0.2,0.15,0.05,0.9,0.2
Furkan Korkmaz,0.949993,3.35,0.2299992,0.47,0.59,1.31,0.47,0.23,0.11,2.75,0.23
Thomas Bryant,0.57,1.5,0.3500032,0.64,0.07,1.21,0.42,0.07,0.14,1.57,0.14
Demetrius Jackson,0.410004,1.05,0.0500005,0.11,0.05,0.7,0.52,0.29,0.05,0.94,0.64
James Webb III,0.6,2.4,0,0,0.4,2.4,0.4,0.1,0,1.6,0.4
Georges Niang,0.4999952,1.37,0.12,0.25,0,1.12,0.37,0.25,0,1.12,0.37
Tony Bradley,0.3299978,1.22,0.22,0.22,0,1.32,0.11,0,0,0.88,0
Wes Iwundu,1.2400008,3.83,0.1099989,0.33,0.11,1.79,0.89,0.22,0,2.7,0.33
Torrey Craig,0,1.45,0,0,0,1.45,0,0,0,0,0